<?xml version="1.0" encoding="utf-8"?>
<!DOCTYPE hibernate-mapping PUBLIC "-//Hibernate/Hibernate Mapping DTD 3.0//EN"
"http://www.hibernate.org/dtd/hibernate-mapping-3.0.dtd">

<hibernate-mapping>
    <!--
        <class></class>标签：来表明实体
        name：属性表明你的实体类，必须要是包名＋类名
        table：属性表明数据库中的表名
        要注意一下有的ide可能会给你生成schema属性，这个是模式名，也就是你的用户名。
     -->
    <class name="cc.ibadboy.hibernate.hibernate2.entity.User" table="User_test">

        <!--
            <id></id>标签：使用此标签来设置主键
            name：实体类的属性名
            type：属性的类型，不设置也是可以的
            column：表中的字段名
         -->
        <id name="id" type="java.lang.Integer" column="id">
            <!--
                <generator></generator>标签：设置主键的生成方式
                class：
                    assigned：指定，我们自己指定一个主键ID，例如：5
                    sequence：序列
                    native：使用数据库自己的方式生成主键
            -->
            <generator class="assigned"></generator>
        </id>
        <!--
            与上面<id></id>标签意思一样
            length：指定长度
            not-null：指定不能为空
        -->
        <property name="name" type="java.lang.String" column="name" length="50" not-null="true"/>
        <property name="pwd" type="java.lang.String"  column="pwd" length="50" not-null="true"/>


    </class>

    <!-- 你也可以在下方继续添加<class></class>标签，来设置其它实体，但是我还是推荐一个实体类对应一个映射文件 -->



</hibernate-mapping>
