<!--
  ~ Hibernate, Relational Persistence for Idiomatic Java
  ~
  ~ License: GNU Lesser General Public License (LGPL), version 2.1 or later.
  ~ See the lgpl.txt file in the root directory or <http://www.gnu.org/licenses/lgpl-2.1.html>.
  -->
<!DOCTYPE hibernate-configuration PUBLIC
	"-//Hibernate/Hibernate Configuration DTD 3.0//EN"
	"http://www.hibernate.org/dtd/hibernate-configuration-3.0.dtd">

<hibernate-configuration>
	<session-factory name="foo">

		<!--数据库连接信息设置 -->
		<!-- 数据库驱动程序 -->
		<property name="connection.driver_class">oracle.jdbc.driver.OracleDriver</property>
		<!-- 数据库连接字符串 -->
		<property name="connection.url">jdbc:oracle:thin:@localhost:1521:orcl</property>
		<!-- 用户名 -->
		<property name="connection.username">system</property>
		<!-- 密码 -->
		<property name="connection.password">system</property>
		<!--
			数据库方言
		 	这里的话其实不设置也是可以的，因为hibernate会自动来判断的；如果你的项目使用多个数据库的话，那么就要设置了。
		 -->
		<property name="dialect">
			org.hibernate.dialect.Oracle12cDialect
		</property>


		<!-- 在控制台显示Hibernate生成的sql语句 -->
		<property name="show_sql">true</property>
		<!-- 格式化输出sql语句 -->
		<property name="format_sql">true</property>
		<!--
			前面我们有说过hibernate会为我们自动创建表，指的就是此属性hbm2ddl.auto。
			取值：
				create：表示启动的时候先drop，再create
				create-drop: 也表示创建，只不过再系统关闭前执行一下drop
				update: 这个操作启动的时候会去检查schema是否一致，如果不一致会做scheme更新
				validate: 启动时验证现有schema与你配置的hibernate是否一致，如果不一致就抛出异常，并不做更新
		-->
		<property name="hbm2ddl.auto">create</property>


		<!-- 配置映射 -->
		<mapping resource="cc/ibadboy/hibernate/hibernate2/entity/User.hbm.xml"/>



	</session-factory>
</hibernate-configuration>